{
  "project_info": {
    "project_number": "2463239164",
    "firebase_url": "https://theradb-27243-default-rtdb.europe-west1.firebasedatabase.app",
    "project_id": "theradb-27243",
    "storage_bucket": "theradb-27243.appspot.com"
  },
  "client": [
    {
      "client_info": {
        "mobilesdk_app_id": "1:2463239164:android:0486457a39668467ac0079",
        "android_client_info": {
          "package_name": "com.example.therassistant2"
        }
      },
      "oauth_client": [],
      "api_key": [
        {
          "current_key": "AIzaSyAWyqEM0RWzcd4s4ei9T2sgmkG-lVHeDRY"
        }
      ],
      "services": {
        "appinvite_service": {
          "other_platform_oauth_client": []
        }
      }
    }
  ],
  "configuration_version": "1"
}